Financial Year,WC Date,State,Sales,Month
  ,3/09/2017 0:00,ACT,454505.5375,Sep
,10/09/2017 0:00,ACT,480922.4681,Sep
gggGGG,17/09/2017 0:00,ACT,442120.957,Sep
GG A aa,,ACT,614161.3281,Sep
aaa,1/10/2017 0:00,ACT,573988.7443,Oct
FY18,8/10/2017 0:00,ACT,466411.4874,Oct
FY18, ,ACT,575677.552,Oct
FY18,    ,ACT,478536.0738,Oct
FY18,29/10/2017 0:00,ACT,490950.1306,Oct
FY18,5/11/2017 0:00,ACT,458841.7608,Nov
FY18,,ACT,497614.0523,Nov
FY18,19/11/2017 0:00,ACT,522541.6339,Nov
FY18,26/11/2017 0:00,ACT,512728.5092,Nov
FY18,3/12/2017 0:00,ACT,581790.934,Dec
FY18,10/12/2017 0:00,ACT,538689.7785,Dec
FY18,1/01/1900 0:00,ACT,603831.8797,Dec
FY18,24/12/2017 0:00,ACT,611642.3337,Dec
FY18,31/12/2017 0:00,ACT,661256.3545,Dec
FY18,7/01/2018 0:00,ACT,614483.7512,Jan
FY18,14/01/2018 0:00,ACT,564046.6048,Jan
FY18,,ACT,599849.9407,Jan
FY18,28/01/2018 0:00,ACT,563327.6386,Jan
FY18,4/02/2018 0:00,ACT,539383.2227,Feb
FY18,11/02/2018 0:00,ACT,465661.0217,Feb
FY18,18/02/2018 0:00,ACT,495986.7961,Feb
FY18,25/02/2018 0:00,ACT,448421.5997,Feb
FY18,4/03/2018 0:00,ACT,446623.6534,Mar
FY18,11/03/2018 0:00,ACT,501089.9378,Mar
FY18,18/03/2018 0:00,ACT,414056.4132,Mar
FY18,1/01/1970 0:00,ACT,436317.2795,Mar
FY18,1/04/2018 0:00,ACT,499790.5148,Apr
FY18,8/04/2018 0:00,ACT,439945.4711,Apr
FY18,15/04/2018 0:00,ACT,497025.4833,Apr
FY18,22/04/2018 0:00,ACT,515167.1689,Apr
FY18,29/04/2018 0:00,ACT,431483.3375,Apr
FY18,6/05/2018 0:00,ACT,433090.4203,May
FY18,13/05/2018 0:00,ACT,418630.3375,May
FY18,20/05/2018 0:00,ACT,421646.6222,May
FY18,27/05/2018 0:00,ACT,473770.0059,May
FY18,3/06/2018 0:00,ACT,452811.1177,Jun
FY18,10/06/2018 0:00,ACT,528988.6825,Jun
FY18,17/06/2018 0:00,ACT,479178.779,Jun
FY18,24/06/2018 0:00,ACT,543856.9887,Jun
FY18,1/07/2018 0:00,ACT,502527.8905,Jul
FY18,8/07/2018 0:00,ACT,550195.8717,Jul
FY18,15/07/2018 0:00,ACT,587563.7123,Jul
FY18,22/07/2018 0:00,ACT,493150.7197,Jul
FY18,29/07/2018 0:00,ACT,471170.2589,Jul
FY18,5/08/2018 0:00,ACT,468857.9123,Aug
FY18,12/08/2018 0:00,ACT,484581.3811,Aug
FY18,19/08/2018 0:00,ACT,447790.5177,Aug
FY18,26/08/2018 0:00,ACT,450784.9443,Aug
FY19,2/09/2018 0:00,ACT,474514.7135,Sep
FY19,9/09/2018 0:00,ACT,455111.5186,Sep
FY19,16/09/2018 0:00,ACT,452136.8048,Sep
FY19,23/09/2018 0:00,ACT,526127.1978,Sep
FY19,30/09/2018 0:00,ACT,615581.7486,Sep
FY19,7/10/2018 0:00,ACT,526651.5247,Oct
FY19,14/10/2018 0:00,ACT,547165.6119,Oct
FY19,21/10/2018 0:00,ACT,486649.6491,Oct
FY19,28/10/2018 0:00,ACT,436648.2935,Oct
FY19,4/11/2018 0:00,ACT,469922.9821,Nov
FY19,11/11/2018 0:00,ACT,490827.138,Nov
FY19,18/11/2018 0:00,ACT,537654.2015,Nov
FY19,25/11/2018 0:00,ACT,536135.1116,Nov
FY19,2/12/2018 0:00,ACT,478120.8637,Dec
FY19,9/12/2018 0:00,ACT,505845.549,Dec
FY19,16/12/2018 0:00,ACT,546843.3846,Dec
FY19,23/12/2018 0:00,ACT,573997.5241,Dec
FY19,30/12/2018 0:00,ACT,693788.4704,Dec
FY19,6/01/2019 0:00,ACT,588263.475,Jan
FY19,13/01/2019 0:00,ACT,533921.2072,Jan
FY19,20/01/2019 0:00,ACT,509951.1511,Jan
FY19,27/01/2019 0:00,ACT,577920.7753,Jan
FY19,3/02/2019 0:00,ACT,490068.311,Feb
FY19,10/02/2019 0:00,ACT,498857.069,Feb
FY19,17/02/2019 0:00,ACT,490396.8193,Feb
FY19,24/02/2019 0:00,ACT,465314.032,Feb
FY19,3/03/2019 0:00,ACT,439179.3469,Mar
FY19,10/03/2019 0:00,ACT,484016.3841,Mar
FY19,17/03/2019 0:00,ACT,432037.6296,Mar
FY19,24/03/2022 0:00,ACT,455095.0692,Mar
FY19,31/03/2019 0:00,ACT,454306.0381,Mar
FY19,7/04/2019 0:00,ACT,471657.3229,Apr
FY19,14/04/2019 0:00,ACT,501081.0906,Apr
FY19,21/04/2019 0:00,ACT,618648.6789,Apr
FY19,28/04/2019 0:00,ACT,404869.9759,Apr
FY19,5/05/2019 0:00,ACT,394396.9489,May
FY19,12/05/2019 0:00,ACT,393897.5926,May
FY19,19/05/2019 0:00,ACT,396753.2021,May
FY19,26/05/2019 0:00,ACT,476042.5304,May
FY19,2/06/2019 0:00,ACT,414711.4887,Jun
FY19,9/06/2019 0:00,ACT,476687.7661,Jun
FY19,16/06/2019 0:00,ACT,462354.1917,Jun
FY19,23/06/2019 0:00,ACT,506840.8604,Jun
FY19,30/06/2019 0:00,ACT,484262.6019,Jun
FY19,7/07/2019 0:00,ACT,542177.4352,Jul
FY19,14/07/2019 0:00,ACT,571389.5408,Jul
FY19,21/07/2019 0:00,ACT,453069.6619,Jul
FY19,28/07/2019 0:00,ACT,468326.5044,Jul
FY19,4/08/2019 0:00,ACT,444568.4755,Aug
FY19,11/08/2019 0:00,ACT,448361.862,Aug
FY19,18/08/2019 0:00,ACT,442939.0744,Aug
FY19,25/08/2019 0:00,ACT,443413.7061,Aug
FY20,1/09/2019 0:00,ACT,431621.8938,Sep
FY20,8/09/2019 0:00,ACT,438662.8536,Sep
FY20,15/09/2019 0:00,ACT,442381.8923,Sep
FY20,22/09/2019 0:00,ACT,421946.1367,Sep
FY20,29/09/2019 0:00,ACT,536924.4163,Sep
FY20,6/10/2019 0:00,ACT,551575.1314,Oct
FY20,13/10/2019 0:00,ACT,452742.9402,Oct
FY20,20/10/2019 0:00,ACT,440671.8113,Oct
FY20,27/10/2019 0:00,ACT,438424.2405,Oct
FY20,3/11/2019 0:00,ACT,524237.6436,Nov
FY20,10/11/2019 0:00,ACT,502986.2431,Nov
FY20,17/11/2019 0:00,ACT,523678.2536,Nov
FY20,24/11/2019 0:00,ACT,544077.9284,Nov
FY20,1/12/2019 0:00,ACT,485728.1837,Dec
FY20,8/12/2019 0:00,ACT,475301.3366,Dec
FY20,15/12/2019 0:00,ACT,499375.4027,Dec
FY20,22/12/2019 0:00,ACT,556849.2358,Dec
FY20,29/12/2019 0:00,ACT,597075.0136,Dec
FY20,5/01/2020 0:00,ACT,521536.4506,Jan
FY20,12/01/2020 0:00,ACT,565854.2128,Jan
FY20,19/01/2020 0:00,ACT,501635.7704,Jan
FY20,26/01/2020 0:00,ACT,514592.0318,Jan
FY20,2/02/2020 0:00,ACT,502951.3918,Feb
FY20,9/02/2020 0:00,ACT,493995.8218,Feb
FY20,16/02/2020 0:00,ACT,462329.0694,Feb
FY20,23/02/2020 0:00,ACT,462619.2425,Feb
FY20,1/03/2020 0:00,ACT,447645.9068,Mar
FY20,8/03/2020 0:00,ACT,480412.0799,Mar
FY20,15/03/2020 0:00,ACT,479545.5153,Mar
FY20,22/03/2020 0:00,ACT,478174.5516,Mar
FY20,29/03/2020 0:00,ACT,345116.343,Mar
FY20,5/04/2020 0:00,ACT,368523.0361,Apr
FY20,12/04/2020 0:00,ACT,436571.0538,Apr
FY20,19/04/2020 0:00,ACT,455092.7219,Apr
FY20,26/04/2020 0:00,ACT,572520.6358,Apr
FY20,3/05/2020 0:00,ACT,517235.2849,May
FY20,10/05/2020 0:00,ACT,539847.252,May
FY20,17/05/2020 0:00,ACT,608463.0849,May
FY20,24/05/2020 0:00,ACT,609804.8748,May
FY20,31/05/2020 0:00,ACT,562637.7266,May
FY20,7/06/2020 0:00,ACT,562835.2361,Jun
FY20,14/06/2020 0:00,ACT,563458.8425,Jun
FY20,21/06/2020 0:00,ACT,623480.4127,Jun
FY20,28/06/2020 0:00,ACT,647100.0067,Jun
FY20,5/07/2020 0:00,ACT,635751.0917,Jul
FY20,12/07/2020 0:00,ACT,641562.1538,Jul
FY20,19/07/2020 0:00,ACT,561381.8813,Jul
FY20,26/07/2020 0:00,ACT,563310.29,Jul
FY20,2/08/2020 0:00,ACT,568197.1794,Aug
FY20,9/08/2020 0:00,ACT,592292.529,Aug
FY20,16/08/2020 0:00,ACT,587753.1336,Aug
FY20,23/08/2020 0:00,ACT,571834.0986,Aug
FY18,3/09/2017 0:00,NSW,2634368.84,Sep
FY18,10/09/2017 0:00,NSW,2760182.67,Sep
FY18,17/09/2017 0:00,NSW,2770334.093,Sep
FY18,24/09/2017 0:00,NSW,3176641.243,Sep
FY18,1/10/2017 0:00,NSW,3264356.045,Oct
FY18,8/10/2017 0:00,NSW,2869931.609,Oct
FY18,15/10/2017 0:00,NSW,3324068.967,Oct
FY18,22/10/2017 0:00,NSW,2932100.113,Oct
FY18,29/10/2017 0:00,NSW,2833044.19,Oct
FY18,5/11/2017 0:00,NSW,2711729.269,Nov
FY18,12/11/2017 0:00,NSW,2769392.027,Nov
FY18,19/11/2017 0:00,NSW,2685361.008,Nov
FY18,26/11/2017 0:00,NSW,2708259.271,Nov
FY18,3/12/2017 0:00,NSW,2708928.649,Dec
FY18,10/12/2017 0:00,NSW,2591538.294,Dec
FY18,17/12/2017 0:00,NSW,2824538.681,Dec
FY18,24/12/2017 0:00,NSW,3139001.983,Dec
FY18,31/12/2017 0:00,NSW,3267604.435,Dec
FY18,7/01/2018 0:00,NSW,2967120.846,Jan
FY18,14/01/2018 0:00,NSW,2955578.988,Jan
FY18,21/01/2018 0:00,NSW,2972358.187,Jan
FY18,28/01/2018 0:00,NSW,2685321.195,Jan
FY18,4/02/2018 0:00,NSW,2606375.659,Feb
FY18,11/02/2018 0:00,NSW,2535183.676,Feb
FY18,18/02/2018 0:00,NSW,2720039.219,Feb
FY18,25/02/2018 0:00,NSW,2874615.232,Feb
FY18,4/03/2018 0:00,NSW,2718254.402,Mar
FY18,11/03/2018 0:00,NSW,2588530.159,Mar
FY18,18/03/2018 0:00,NSW,2425536.83,Mar
FY18,25/03/2018 0:00,NSW,2373594.915,Mar
FY18,1/04/2018 0:00,NSW,2277273.85,Apr
FY18,8/04/2018 0:00,NSW,2342689.725,Apr
FY18,15/04/2018 0:00,NSW,2626058.708,Apr
FY18,22/04/2018 0:00,NSW,2885867.134,Apr
FY18,29/04/2018 0:00,NSW,2480101.899,Apr
FY18,6/05/2018 0:00,NSW,2396998.957,May
FY18,13/05/2018 0:00,NSW,2206241.952,May
FY18,20/05/2018 0:00,NSW,2267188.962,May
FY18,27/05/2018 0:00,NSW,2306777.045,May
FY18,3/06/2018 0:00,NSW,2466560.851,Jun
FY18,10/06/2018 0:00,NSW,2698677.587,Jun
FY18,17/06/2018 0:00,NSW,2585387.279,Jun
FY18,24/06/2018 0:00,NSW,2902648.543,Jun
FY18,1/07/2018 0:00,NSW,2635355.653,Jul
FY18,8/07/2018 0:00,NSW,3003952.571,Jul
FY18,15/07/2018 0:00,NSW,3107060.768,Jul
FY18,22/07/2018 0:00,NSW,2614437.291,Jul
FY18,29/07/2018 0:00,NSW,2533028.919,Jul
FY18,5/08/2018 0:00,NSW,2503232.053,Aug
FY18,12/08/2018 0:00,NSW,2407668.719,Aug
FY18,19/08/2018 0:00,NSW,2568656.468,Aug
FY18,26/08/2018 0:00,NSW,2566002.86,Aug
FY19,2/09/2018 0:00,NSW,2637542.772,Sep
FY19,9/09/2018 0:00,NSW,2497129.14,Sep
FY19,16/09/2018 0:00,NSW,2582038.536,Sep
FY19,23/09/2018 0:00,NSW,2721972.898,Sep
FY19,30/09/2018 0:00,NSW,3194284.661,Sep
FY19,7/10/2018 0:00,NSW,2849754.135,Oct
FY19,14/10/2018 0:00,NSW,2976573.543,Oct
FY19,21/10/2018 0:00,NSW,2641698.313,Oct
FY19,28/10/2018 0:00,NSW,2473220.947,Oct
FY19,4/11/2018 0:00,NSW,2489937.094,Nov
FY19,11/11/2018 0:00,NSW,2628412.96,Nov
FY19,18/11/2018 0:00,NSW,2777864.045,Nov
FY19,25/11/2018 0:00,NSW,2743092.532,Nov
FY19,2/12/2018 0:00,NSW,2479732.523,Dec
FY19,9/12/2018 0:00,NSW,2498179.236,Dec
FY19,16/12/2018 0:00,NSW,2650415.989,Dec
FY19,23/12/2018 0:00,NSW,2829730.338,Dec
FY19,30/12/2018 0:00,NSW,3199229.247,Dec
FY19,6/01/2019 0:00,NSW,2965153.067,Jan
FY19,13/01/2019 0:00,NSW,2700601.324,Jan
FY19,20/01/2019 0:00,NSW,2752983.76,Jan
FY19,27/01/2019 0:00,NSW,2908017.643,Jan
FY19,3/02/2019 0:00,NSW,2393248.815,Feb
FY19,10/02/2019 0:00,NSW,2601796.373,Feb
FY19,17/02/2019 0:00,NSW,2816764.091,Feb
FY19,24/02/2019 0:00,NSW,2706821.881,Feb
FY19,3/03/2019 0:00,NSW,2488000.732,Mar
FY19,10/03/2019 0:00,NSW,2431546.562,Mar
FY19,17/03/2019 0:00,NSW,2293915.175,Mar
FY19,24/03/2019 0:00,NSW,2374437.705,Mar
FY19,31/03/2019 0:00,NSW,2290643.889,Mar
FY19,7/04/2019 0:00,NSW,2303084.747,Apr
FY19,14/04/2019 0:00,NSW,2667261.281,Apr
FY19,21/04/2019 0:00,NSW,2926976.797,Apr
FY19,28/04/2019 0:00,NSW,2246979.394,Apr
FY19,5/05/2019 0:00,NSW,2194879.158,May
FY19,12/05/2019 0:00,NSW,2074167.188,May
FY19,19/05/2019 0:00,NSW,2189993.905,May
FY19,26/05/2019 0:00,NSW,2192346.342,May
FY19,2/06/2019 0:00,NSW,2283798.333,Jun
FY19,9/06/2019 0:00,NSW,2474775.642,Jun
FY19,16/06/2019 0:00,NSW,2258362.006,Jun
FY19,23/06/2019 0:00,NSW,2612628.543,Jun
FY19,30/06/2019 0:00,NSW,2498177.78,Jun
FY19,7/07/2019 0:00,NSW,2779525.406,Jul
FY19,14/07/2019 0:00,NSW,2831082.3,Jul
FY19,21/07/2019 0:00,NSW,2400010.702,Jul
FY19,28/07/2019 0:00,NSW,2431621.266,Jul
FY19,4/08/2019 0:00,NSW,2416853.005,Aug
FY19,11/08/2019 0:00,NSW,2343154.215,Aug
FY19,18/08/2019 0:00,NSW,2310535.502,Aug
FY19,25/08/2019 0:00,NSW,2453948.263,Aug
FY20,1/09/2019 0:00,NSW,2297872.454,Sep
FY20,8/09/2019 0:00,NSW,2419297.037,Sep
FY20,15/09/2019 0:00,NSW,2402847.392,Sep
FY20,22/09/2019 0:00,NSW,2492744.652,Sep
FY20,29/09/2019 0:00,NSW,2867760.597,Sep
FY20,6/10/2019 0:00,NSW,2973968.438,Oct
FY20,13/10/2019 0:00,NSW,2334842.71,Oct
FY20,20/10/2019 0:00,NSW,2309118.541,Oct
FY20,27/10/2019 0:00,NSW,2285584.82,Oct
FY20,3/11/2019 0:00,NSW,2603077.283,Nov
FY20,10/11/2019 0:00,NSW,2551206.871,Nov
FY20,17/11/2019 0:00,NSW,2526078.736,Nov
FY20,24/11/2019 0:00,NSW,2657056.073,Nov
FY20,1/12/2019 0:00,NSW,2513572.915,Dec
FY20,8/12/2019 0:00,NSW,2429701.082,Dec
FY20,15/12/2019 0:00,NSW,2614876.439,Dec
FY20,22/12/2019 0:00,NSW,2882788.295,Dec
FY20,29/12/2019 0:00,NSW,3284553.829,Dec
FY20,5/01/2020 0:00,NSW,2881038.699,Jan
FY20,12/01/2020 0:00,NSW,2859809.1,Jan
FY20,19/01/2020 0:00,NSW,2731322.77,Jan
FY20,26/01/2020 0:00,NSW,2404740.069,Jan
FY20,2/02/2020 0:00,NSW,2431564.151,Feb
FY20,9/02/2020 0:00,NSW,2377516.143,Feb
FY20,16/02/2020 0:00,NSW,2608994.744,Feb
FY20,23/02/2020 0:00,NSW,2516576.098,Feb
FY20,1/03/2020 0:00,NSW,2379023.177,Mar
FY20,8/03/2020 0:00,NSW,2315196.403,Mar
FY20,15/03/2020 0:00,NSW,2456017.721,Mar
FY20,22/03/2020 0:00,NSW,2220530.569,Mar
FY20,29/03/2020 0:00,NSW,1701011.573,Mar
FY20,5/04/2020 0:00,NSW,1761310.02,Apr
FY20,12/04/2020 0:00,NSW,2001726.816,Apr
FY20,19/04/2020 0:00,NSW,2301765.934,Apr
FY20,26/04/2020 0:00,NSW,2651172.773,Apr
FY20,3/05/2020 0:00,NSW,2743252.038,May
FY20,10/05/2020 0:00,NSW,2853330.47,May
FY20,17/05/2020 0:00,NSW,3140282.499,May
FY20,24/05/2020 0:00,NSW,3233130.237,May
FY20,31/05/2020 0:00,NSW,2837332.082,May
FY20,7/06/2020 0:00,NSW,3159768.506,Jun
FY20,14/06/2020 0:00,NSW,3069332.639,Jun
FY20,21/06/2020 0:00,NSW,3235238.668,Jun
FY20,28/06/2020 0:00,NSW,3293143.103,Jun
FY20,5/07/2020 0:00,NSW,3428334.409,Jul
FY20,12/07/2020 0:00,NSW,3409453.198,Jul
FY20,19/07/2020 0:00,NSW,2749988.692,Jul
FY20,26/07/2020 0:00,NSW,2761366.611,Jul
FY20,2/08/2020 0:00,NSW,2873655.991,Aug
FY20,9/08/2020 0:00,NSW,2773094.181,Aug
FY20,16/08/2020 0:00,NSW,2718479.209,Aug
FY20,23/08/2020 0:00,NSW,2785053.866,Aug
FY18,3/09/2017 0:00,QLD,1456749.822,Sep
FY18,10/09/2017 0:00,QLD,1534787.689,Sep
FY18,17/09/2017 0:00,QLD,1774839.883,Sep
FY18,24/09/2017 0:00,QLD,1753178.898,Sep
FY18,1/10/2017 0:00,QLD,1691050.513,Oct
FY18,8/10/2017 0:00,QLD,1507033.432,Oct
FY18,15/10/2017 0:00,QLD,1956695.427,Oct
FY18,22/10/2017 0:00,QLD,1648118.387,Oct
FY18,29/10/2017 0:00,QLD,1534104.74,Oct
FY18,5/11/2017 0:00,QLD,1568471.932,Nov
FY18,12/11/2017 0:00,QLD,1688016.094,Nov
FY18,19/11/2017 0:00,QLD,1605426.15,Nov
FY18,26/11/2017 0:00,QLD,1638023.182,Nov
FY18,3/12/2017 0:00,QLD,1610021.264,Dec
FY18,10/12/2017 0:00,QLD,1665792.631,Dec
FY18,17/12/2017 0:00,QLD,1655232.307,Dec
FY18,24/12/2017 0:00,QLD,1815848.869,Dec
FY18,31/12/2017 0:00,QLD,1968391.072,Dec
FY18,7/01/2018 0:00,QLD,1755162.381,Jan
FY18,14/01/2018 0:00,QLD,1629537.189,Jan
FY18,21/01/2018 0:00,QLD,1595061.987,Jan
FY18,28/01/2018 0:00,QLD,1543900.36,Jan
FY18,4/02/2018 0:00,QLD,1622902.255,Feb
FY18,11/02/2018 0:00,QLD,1469509.094,Feb
FY18,18/02/2018 0:00,QLD,1555863.718,Feb
FY18,25/02/2018 0:00,QLD,1472956.492,Feb
FY18,4/03/2018 0:00,QLD,1503381.882,Mar
FY18,11/03/2018 0:00,QLD,1526487.826,Mar
FY18,18/03/2018 0:00,QLD,1421150.949,Mar
FY18,25/03/2018 0:00,QLD,1375277.156,Mar
FY18,1/04/2018 0:00,QLD,1642219.133,Apr
FY18,8/04/2018 0:00,QLD,1531576.404,Apr
FY18,15/04/2018 0:00,QLD,1342945.324,Apr
FY18,22/04/2018 0:00,QLD,1333821.056,Apr
FY18,29/04/2018 0:00,QLD,1426081.783,Apr
FY18,6/05/2018 0:00,QLD,1189413.186,May
FY18,13/05/2018 0:00,QLD,1309141.165,May
FY18,20/05/2018 0:00,QLD,1328817.968,May
FY18,27/05/2018 0:00,QLD,1403321.867,May
FY18,3/06/2018 0:00,QLD,1416861.672,Jun
FY18,10/06/2018 0:00,QLD,1397492.449,Jun
FY18,17/06/2018 0:00,QLD,1602144.161,Jun
FY18,24/06/2018 0:00,QLD,1797459.869,Jun
FY18,1/07/2018 0:00,QLD,1827154.184,Jul
FY18,8/07/2018 0:00,QLD,1967372.386,Jul
FY18,15/07/2018 0:00,QLD,1639003.453,Jul
FY18,22/07/2018 0:00,QLD,1544004.085,Jul
FY18,29/07/2018 0:00,QLD,1535332.476,Jul
FY18,5/08/2018 0:00,QLD,1462526.616,Aug
FY18,12/08/2018 0:00,QLD,1633045.715,Aug
FY18,19/08/2018 0:00,QLD,1453677.515,Aug
FY18,26/08/2018 0:00,QLD,1566857.324,Aug
FY19,2/09/2018 0:00,QLD,1507040.971,Sep
FY19,9/09/2018 0:00,QLD,1500157.605,Sep
FY19,16/09/2018 0:00,QLD,1470746.067,Sep
FY19,23/09/2018 0:00,QLD,1795086.6,Sep
FY19,30/09/2018 0:00,QLD,1846409.387,Sep
FY19,7/10/2018 0:00,QLD,1482298.167,Oct
FY19,14/10/2018 0:00,QLD,1858735.458,Oct
FY19,21/10/2018 0:00,QLD,1454633.223,Oct
FY19,28/10/2018 0:00,QLD,1359207.537,Oct
FY19,4/11/2018 0:00,QLD,1463013.997,Nov
FY19,11/11/2018 0:00,QLD,1490896.91,Nov
FY19,18/11/2018 0:00,QLD,1763867.975,Nov
FY19,25/11/2018 0:00,QLD,1532319.958,Nov
FY19,2/12/2018 0:00,QLD,1449834.925,Dec
FY19,9/12/2018 0:00,QLD,1458036.88,Dec
FY19,16/12/2018 0:00,QLD,1558378.2,Dec
FY19,23/12/2018 0:00,QLD,1605247.043,Dec
FY19,30/12/2018 0:00,QLD,2002828.752,Dec
FY19,6/01/2019 0:00,QLD,1657915.738,Jan
FY19,13/01/2019 0:00,QLD,1601454.994,Jan
FY19,20/01/2019 0:00,QLD,1483636.053,Jan
FY19,27/01/2019 0:00,QLD,1567159.869,Jan
FY19,3/02/2019 0:00,QLD,1438329.883,Feb
FY19,10/02/2019 0:00,QLD,1374760.423,Feb
FY19,17/02/2019 0:00,QLD,1492654.394,Feb
FY19,24/02/2019 0:00,QLD,1461048.639,Feb
FY19,3/03/2019 0:00,QLD,1327976.341,Mar
FY19,10/03/2019 0:00,QLD,1334490.304,Mar
FY19,17/03/2019 0:00,QLD,1316664.331,Mar
FY19,24/03/2019 0:00,QLD,1373770.744,Mar
FY19,31/03/2019 0:00,QLD,1323576.783,Mar
FY19,7/04/2019 0:00,QLD,1654427.422,Apr
FY19,14/04/2019 0:00,QLD,1594175.91,Apr
FY19,21/04/2019 0:00,QLD,1676458.619,Apr
FY19,28/04/2019 0:00,QLD,1375497.585,Apr
FY19,5/05/2019 0:00,QLD,1187534.732,May
FY19,12/05/2019 0:00,QLD,1224850.262,May
FY19,19/05/2019 0:00,QLD,1229307.004,May
FY19,26/05/2019 0:00,QLD,1208459.537,May
FY19,2/06/2019 0:00,QLD,1343753.958,Jun
FY19,9/06/2019 0:00,QLD,1323108.101,Jun
FY19,16/06/2019 0:00,QLD,1379676.678,Jun
FY19,23/06/2019 0:00,QLD,1632373.08,Jun
FY19,30/06/2019 0:00,QLD,1656075.312,Jun
FY19,7/07/2019 0:00,QLD,1709375.745,Jul
FY19,14/07/2019 0:00,QLD,1603322.807,Jul
FY19,21/07/2019 0:00,QLD,1479491.474,Jul
FY19,28/07/2019 0:00,QLD,1477875.57,Jul
FY19,4/08/2019 0:00,QLD,1415485.686,Aug
FY19,11/08/2019 0:00,QLD,1528399.09,Aug
FY19,18/08/2019 0:00,QLD,1386056.5,Aug
FY19,25/08/2019 0:00,QLD,1435886.343,Aug
FY20,1/09/2019 0:00,QLD,1278234.416,Sep
FY20,8/09/2019 0:00,QLD,1330873.566,Sep
FY20,15/09/2019 0:00,QLD,1404568.938,Sep
FY20,22/09/2019 0:00,QLD,1604997.17,Sep
FY20,29/09/2019 0:00,QLD,1666193.962,Sep
FY20,6/10/2019 0:00,QLD,1561122.328,Oct
FY20,13/10/2019 0:00,QLD,1402166.075,Oct
FY20,20/10/2019 0:00,QLD,1388613.046,Oct
FY20,27/10/2019 0:00,QLD,1406763.73,Oct
FY20,3/11/2019 0:00,QLD,1511576.258,Nov
FY20,10/11/2019 0:00,QLD,1512120.276,Nov
FY20,17/11/2019 0:00,QLD,1475401.951,Nov
FY20,24/11/2019 0:00,QLD,1543189.18,Nov
FY20,1/12/2019 0:00,QLD,1484399.693,Dec
FY20,8/12/2019 0:00,QLD,1467696.626,Dec
FY20,15/12/2019 0:00,QLD,1537257.299,Dec
FY20,22/12/2019 0:00,QLD,1581484.646,Dec
FY20,29/12/2019 0:00,QLD,2056957.858,Dec
FY20,5/01/2020 0:00,QLD,1628218.822,Jan
FY20,12/01/2020 0:00,QLD,1695370.622,Jan
FY20,19/01/2020 0:00,QLD,1561296.684,Jan
FY20,26/01/2020 0:00,QLD,1410114.362,Jan
FY20,2/02/2020 0:00,QLD,1408628.515,Feb
FY20,9/02/2020 0:00,QLD,1412105.906,Feb
FY20,16/02/2020 0:00,QLD,1409634.897,Feb
FY20,23/02/2020 0:00,QLD,1418293.486,Feb
FY20,1/03/2020 0:00,QLD,1305164.304,Mar
FY20,8/03/2020 0:00,QLD,1302575.474,Mar
FY20,15/03/2020 0:00,QLD,1201520.335,Mar
FY20,22/03/2020 0:00,QLD,1110406.119,Mar
FY20,29/03/2020 0:00,QLD,922123.1204,Mar
FY20,5/04/2020 0:00,QLD,944317.2158,Apr
FY20,12/04/2020 0:00,QLD,1186213.619,Apr
FY20,19/04/2020 0:00,QLD,1074705.013,Apr
FY20,26/04/2020 0:00,QLD,1702624.974,Apr
FY20,3/05/2020 0:00,QLD,1669242.694,May
FY20,10/05/2020 0:00,QLD,1725955.375,May
FY20,17/05/2020 0:00,QLD,2053087.684,May
FY20,24/05/2020 0:00,QLD,2013970.127,May
FY20,31/05/2020 0:00,QLD,1904467.813,May
FY20,7/06/2020 0:00,QLD,1910878.374,Jun
FY20,14/06/2020 0:00,QLD,1904510.762,Jun
FY20,21/06/2020 0:00,QLD,2086928.612,Jun
FY20,28/06/2020 0:00,QLD,2184875.449,Jun
FY20,5/07/2020 0:00,QLD,2187607.983,Jul
FY20,12/07/2020 0:00,QLD,2234889.898,Jul
FY20,19/07/2020 0:00,QLD,2223249.674,Jul
FY20,26/07/2020 0:00,QLD,2027476.864,Jul
FY20,2/08/2020 0:00,QLD,1857994.951,Aug
FY20,9/08/2020 0:00,QLD,2158145.842,Aug
FY20,16/08/2020 0:00,QLD,1874397.593,Aug
FY20,23/08/2020 0:00,QLD,1592760.49,Aug
FY18,8/04/2018 0:00,SA,400865.5942,Apr
FY18,15/04/2018 0:00,SA,657233.7869,Apr
FY18,22/04/2018 0:00,SA,663677.2143,Apr
FY18,29/04/2018 0:00,SA,586027.4337,Apr
FY18,6/05/2018 0:00,SA,549508.9888,May
FY18,13/05/2018 0:00,SA,561596.5148,May
FY18,20/05/2018 0:00,SA,538847.9891,May
FY18,27/05/2018 0:00,SA,580693.5708,May
FY18,3/06/2018 0:00,SA,611636.3615,Jun
FY18,10/06/2018 0:00,SA,730999.3,Jun
FY18,17/06/2018 0:00,SA,620624.6182,Jun
FY18,24/06/2018 0:00,SA,673308.7695,Jun
FY18,1/07/2018 0:00,SA,640879.9332,Jul
FY18,8/07/2018 0:00,SA,835080.921,Jul
FY18,15/07/2018 0:00,SA,809889.124,Jul
FY18,22/07/2018 0:00,SA,644632.8203,Jul
FY18,29/07/2018 0:00,SA,623623.6897,Jul
FY18,5/08/2018 0:00,SA,601153.6528,Aug
FY18,12/08/2018 0:00,SA,669096.4673,Aug
FY18,19/08/2018 0:00,SA,656940.5546,Aug
FY18,26/08/2018 0:00,SA,651868.7782,Aug
FY19,2/09/2018 0:00,SA,610145.596,Sep
FY19,9/09/2018 0:00,SA,616001.7629,Sep
FY19,16/09/2018 0:00,SA,643527.158,Sep
FY19,23/09/2018 0:00,SA,662525.5102,Sep
FY19,30/09/2018 0:00,SA,767026.4713,Sep
FY19,7/10/2018 0:00,SA,669035.7801,Oct
FY19,14/10/2018 0:00,SA,759179.1255,Oct
FY19,21/10/2018 0:00,SA,635173.1038,Oct
FY19,28/10/2018 0:00,SA,579860.9172,Oct
FY19,4/11/2018 0:00,SA,646444.6615,Nov
FY19,11/11/2018 0:00,SA,642961.0204,Nov
FY19,18/11/2018 0:00,SA,686086.3042,Nov
FY19,25/11/2018 0:00,SA,676449.4861,Nov
FY19,2/12/2018 0:00,SA,636530.824,Dec
FY19,9/12/2018 0:00,SA,661589.6985,Dec
FY19,16/12/2018 0:00,SA,764980.9053,Dec
FY19,23/12/2018 0:00,SA,685639.1506,Dec
FY19,30/12/2018 0:00,SA,859353.8958,Dec
FY19,6/01/2019 0:00,SA,776983.2832,Jan
FY19,13/01/2019 0:00,SA,706731.9468,Jan
FY19,20/01/2019 0:00,SA,689287.5108,Jan
FY19,27/01/2019 0:00,SA,719564.5447,Jan
FY19,3/02/2019 0:00,SA,649520.7273,Feb
FY19,10/02/2019 0:00,SA,612474.2216,Feb
FY19,17/02/2019 0:00,SA,636954.4282,Feb
FY19,24/02/2019 0:00,SA,612651.6905,Feb
FY19,3/03/2019 0:00,SA,574001.8348,Mar
FY19,10/03/2019 0:00,SA,657814.5356,Mar
FY19,17/03/2019 0:00,SA,550170.7159,Mar
FY19,24/03/2019 0:00,SA,606711.5232,Mar
FY19,31/03/2019 0:00,SA,575770.9589,Mar
FY19,7/04/2019 0:00,SA,585792.3459,Apr
FY19,14/04/2019 0:00,SA,627905.9281,Apr
FY19,21/04/2019 0:00,SA,761489.2693,Apr
FY19,28/04/2019 0:00,SA,554482.4095,Apr
FY19,5/05/2019 0:00,SA,547822.3662,May
FY19,12/05/2019 0:00,SA,510171.4486,May
FY19,19/05/2019 0:00,SA,528341.5983,May
FY19,26/05/2019 0:00,SA,562660.9114,May
FY19,2/06/2019 0:00,SA,595025.697,Jun
FY19,9/06/2019 0:00,SA,620087.1046,Jun
FY19,16/06/2019 0:00,SA,574527.2682,Jun
FY19,23/06/2019 0:00,SA,607934.0837,Jun
FY19,30/06/2019 0:00,SA,639633.0363,Jun
FY19,7/07/2019 0:00,SA,787467.97,Jul
FY19,14/07/2019 0:00,SA,846392.3945,Jul
FY19,21/07/2019 0:00,SA,651181.9229,Jul
FY19,28/07/2019 0:00,SA,622997.8517,Jul
FY19,4/08/2019 0:00,SA,604555.8197,Aug
FY19,11/08/2019 0:00,SA,591304.8,Aug
FY19,18/08/2019 0:00,SA,587226.9912,Aug
FY19,25/08/2019 0:00,SA,606485.509,Aug
FY20,1/09/2019 0:00,SA,556901.9529,Sep
FY20,8/09/2019 0:00,SA,596379.9679,Sep
FY20,15/09/2019 0:00,SA,596801.0934,Sep
FY20,22/09/2019 0:00,SA,609629.2296,Sep
FY20,29/09/2019 0:00,SA,718871.6588,Sep
FY20,6/10/2019 0:00,SA,757114.849,Oct
FY20,13/10/2019 0:00,SA,592081.1603,Oct
FY20,20/10/2019 0:00,SA,576436.2141,Oct
FY20,27/10/2019 0:00,SA,594374.4179,Oct
FY20,3/11/2019 0:00,SA,673934.1719,Nov
FY20,10/11/2019 0:00,SA,655740.7612,Nov
FY20,17/11/2019 0:00,SA,575697.6415,Nov
FY20,24/11/2019 0:00,SA,689475.9406,Nov
FY20,1/12/2019 0:00,SA,626931.512,Dec
FY20,8/12/2019 0:00,SA,656033.5183,Dec
FY20,15/12/2019 0:00,SA,650507.5085,Dec
FY20,22/12/2019 0:00,SA,682928.0925,Dec
FY20,29/12/2019 0:00,SA,862438.138,Dec
FY20,5/01/2020 0:00,SA,783664.6526,Jan
FY20,12/01/2020 0:00,SA,735173.3584,Jan
FY20,19/01/2020 0:00,SA,733682.5722,Jan
FY20,26/01/2020 0:00,SA,649208.8229,Jan
FY20,2/02/2020 0:00,SA,624552.8082,Feb
FY20,9/02/2020 0:00,SA,626204.5942,Feb
FY20,16/02/2020 0:00,SA,628911.0189,Feb
FY20,23/02/2020 0:00,SA,641206.7522,Feb
FY20,1/03/2020 0:00,SA,616955.8522,Mar
FY20,8/03/2020 0:00,SA,645876.0196,Mar
FY20,15/03/2020 0:00,SA,550431.5058,Mar
FY20,22/03/2020 0:00,SA,519699.6368,Mar
FY20,29/03/2020 0:00,SA,434968.4837,Mar
FY20,5/04/2020 0:00,SA,463984.1051,Apr
FY20,12/04/2020 0:00,SA,572831.4526,Apr
FY20,19/04/2020 0:00,SA,662540.9372,Apr
FY20,26/04/2020 0:00,SA,795170.2511,Apr
FY20,3/05/2020 0:00,SA,760702.1942,May
FY20,10/05/2020 0:00,SA,733559.4535,May
FY20,17/05/2020 0:00,SA,831052.0951,May
FY20,24/05/2020 0:00,SA,793419.312,May
FY20,31/05/2020 0:00,SA,718261.828,May
FY20,7/06/2020 0:00,SA,724039.3752,Jun
FY20,14/06/2020 0:00,SA,768001.7119,Jun
FY20,21/06/2020 0:00,SA,782321.9922,Jun
FY20,28/06/2020 0:00,SA,851777.2233,Jun
FY20,5/07/2020 0:00,SA,947364.0193,Jul
FY20,12/07/2020 0:00,SA,994487.5326,Jul
FY20,19/07/2020 0:00,SA,867503.7458,Jul
FY20,26/07/2020 0:00,SA,803199.6537,Jul
FY20,2/08/2020 0:00,SA,806256.3295,Aug
FY20,9/08/2020 0:00,SA,833751.1414,Aug
FY20,16/08/2020 0:00,SA,853024.7154,Aug
FY20,23/08/2020 0:00,SA,756391.4052,Aug
FY18,3/09/2017 0:00,VIC,2173977.032,Sep
FY18,10/09/2017 0:00,VIC,2155545.919,Sep
FY18,17/09/2017 0:00,VIC,2094841.011,Sep
FY18,24/09/2017 0:00,VIC,2535675.242,Sep
FY18,1/10/2017 0:00,VIC,2277493.607,Oct
FY18,8/10/2017 0:00,VIC,2090769.646,Oct
FY18,15/10/2017 0:00,VIC,2406385.618,Oct
FY18,22/10/2017 0:00,VIC,2321607.038,Oct
FY18,29/10/2017 0:00,VIC,2227304.303,Oct
FY18,5/11/2017 0:00,VIC,2474567.442,Nov
FY18,12/11/2017 0:00,VIC,2079246.103,Nov
FY18,19/11/2017 0:00,VIC,2155092.973,Nov
FY18,26/11/2017 0:00,VIC,2170995.597,Nov
FY18,3/12/2017 0:00,VIC,2311007,Dec
FY18,10/12/2017 0:00,VIC,2200351.356,Dec
FY18,17/12/2017 0:00,VIC,2226552.999,Dec
FY18,24/12/2017 0:00,VIC,2569976.924,Dec
FY18,31/12/2017 0:00,VIC,2703696.421,Dec
FY18,7/01/2018 0:00,VIC,2633425.684,Jan
FY18,14/01/2018 0:00,VIC,2441590.702,Jan
FY18,21/01/2018 0:00,VIC,2550230.037,Jan
FY18,28/01/2018 0:00,VIC,2319860.822,Jan
FY18,4/02/2018 0:00,VIC,2305724.717,Feb
FY18,11/02/2018 0:00,VIC,2370859.551,Feb
FY18,18/02/2018 0:00,VIC,2451106.909,Feb
FY18,25/02/2018 0:00,VIC,2273881.087,Feb
FY18,4/03/2018 0:00,VIC,2201063.984,Mar
FY18,11/03/2018 0:00,VIC,2401900.136,Mar
FY18,18/03/2018 0:00,VIC,2020154.924,Mar
FY18,25/03/2018 0:00,VIC,1982375.328,Mar
FY18,1/04/2018 0:00,VIC,2483149.659,Apr
FY18,8/04/2018 0:00,VIC,2142913.399,Apr
FY18,15/04/2018 0:00,VIC,1944490.194,Apr
FY18,22/04/2018 0:00,VIC,2147764.541,Apr
FY18,29/04/2018 0:00,VIC,1992149.35,Apr
FY18,6/05/2018 0:00,VIC,1959592.492,May
FY18,13/05/2018 0:00,VIC,1847383.4,May
FY18,20/05/2018 0:00,VIC,1910937.959,May
FY18,27/05/2018 0:00,VIC,1898237.872,May
FY18,3/06/2018 0:00,VIC,2007181.391,Jun
FY18,10/06/2018 0:00,VIC,2222416.605,Jun
FY18,17/06/2018 0:00,VIC,2111350.165,Jun
FY18,24/06/2018 0:00,VIC,2509343.296,Jun
FY18,1/07/2018 0:00,VIC,2450833.459,Jul
FY18,8/07/2018 0:00,VIC,2550019.663,Jul
FY18,15/07/2018 0:00,VIC,2313008.254,Jul
FY18,22/07/2018 0:00,VIC,2196070.138,Jul
FY18,29/07/2018 0:00,VIC,2132653.526,Jul
FY18,5/08/2018 0:00,VIC,2135261.485,Aug
FY18,12/08/2018 0:00,VIC,2096010.598,Aug
FY18,19/08/2018 0:00,VIC,1928359.996,Aug
FY18,26/08/2018 0:00,VIC,1961862.906,Aug
FY19,2/09/2018 0:00,VIC,1928044.769,Sep
FY19,9/09/2018 0:00,VIC,2027238.265,Sep
FY19,16/09/2018 0:00,VIC,1988308.729,Sep
FY19,23/09/2018 0:00,VIC,2651288.257,Sep
FY19,30/09/2018 0:00,VIC,2211910.063,Sep
FY19,7/10/2018 0:00,VIC,1841606.551,Oct
FY19,14/10/2018 0:00,VIC,2340974.31,Oct
FY19,21/10/2018 0:00,VIC,2081153.585,Oct
FY19,28/10/2018 0:00,VIC,1945009.322,Oct
FY19,4/11/2018 0:00,VIC,2376393.023,Nov
FY19,11/11/2018 0:00,VIC,2039072.683,Nov
FY19,18/11/2018 0:00,VIC,2124476.199,Nov
FY19,25/11/2018 0:00,VIC,2075552.518,Nov
FY19,2/12/2018 0:00,VIC,2055818.186,Dec
FY19,9/12/2018 0:00,VIC,2034019.5,Dec
FY19,16/12/2018 0:00,VIC,2113241.846,Dec
FY19,23/12/2018 0:00,VIC,2187942.358,Dec
FY19,30/12/2018 0:00,VIC,2682474.052,Dec
FY19,6/01/2019 0:00,VIC,2272346.405,Jan
FY19,13/01/2019 0:00,VIC,2168463.145,Jan
FY19,20/01/2019 0:00,VIC,2178356.796,Jan
FY19,27/01/2019 0:00,VIC,2317152.912,Jan
FY19,3/02/2019 0:00,VIC,1985256.804,Feb
FY19,10/02/2019 0:00,VIC,2057109.75,Feb
FY19,17/02/2019 0:00,VIC,2258835.51,Feb
FY19,24/02/2019 0:00,VIC,2216759.019,Feb
FY19,3/03/2019 0:00,VIC,1997952.079,Mar
FY19,10/03/2019 0:00,VIC,2147760.302,Mar
FY19,17/03/2019 0:00,VIC,1787288.859,Mar
FY19,24/03/2019 0:00,VIC,1914185.829,Mar
FY19,31/03/2019 0:00,VIC,1865379.41,Mar
FY19,7/04/2019 0:00,VIC,2094467.535,Apr
FY19,14/04/2019 0:00,VIC,2018008.919,Apr
FY19,21/04/2019 0:00,VIC,2568052.568,Apr
FY19,28/04/2019 0:00,VIC,1779656.909,Apr
FY19,5/05/2019 0:00,VIC,1722448.614,May
FY19,12/05/2019 0:00,VIC,1657780.993,May
FY19,19/05/2019 0:00,VIC,1752500.807,May
FY19,26/05/2019 0:00,VIC,1782254.168,May
FY19,2/06/2019 0:00,VIC,1847675.898,Jun
FY19,9/06/2019 0:00,VIC,2033234.378,Jun
FY19,16/06/2019 0:00,VIC,1862298.879,Jun
FY19,23/06/2019 0:00,VIC,2051178.251,Jun
FY19,30/06/2019 0:00,VIC,2151699.537,Jun
FY19,7/07/2019 0:00,VIC,2256548.294,Jul
FY19,14/07/2019 0:00,VIC,2086616.765,Jul
FY19,21/07/2019 0:00,VIC,1978913.478,Jul
FY19,28/07/2019 0:00,VIC,1946932.96,Jul
FY19,4/08/2019 0:00,VIC,1963266.508,Aug
FY19,11/08/2019 0:00,VIC,1854653.48,Aug
FY19,18/08/2019 0:00,VIC,1836769.414,Aug
FY19,25/08/2019 0:00,VIC,1849765.488,Aug
FY20,1/09/2019 0:00,VIC,1859628.511,Sep
FY20,8/09/2019 0:00,VIC,1916279.93,Sep
FY20,15/09/2019 0:00,VIC,1910292.637,Sep
FY20,22/09/2019 0:00,VIC,2300727.711,Sep
FY20,29/09/2019 0:00,VIC,2090430.436,Sep
FY20,6/10/2019 0:00,VIC,1806228.03,Oct
FY20,13/10/2019 0:00,VIC,1879606.813,Oct
FY20,20/10/2019 0:00,VIC,1904957.148,Oct
FY20,27/10/2019 0:00,VIC,1947752.965,Oct
FY20,3/11/2019 0:00,VIC,2557737.93,Nov
FY20,10/11/2019 0:00,VIC,2036592.756,Nov
FY20,17/11/2019 0:00,VIC,1984176.78,Nov
FY20,24/11/2019 0:00,VIC,2069824.944,Nov
FY20,1/12/2019 0:00,VIC,2051208.775,Dec
FY20,8/12/2019 0:00,VIC,2030062.48,Dec
FY20,15/12/2019 0:00,VIC,2026438.781,Dec
FY20,22/12/2019 0:00,VIC,2317947.208,Dec
FY20,29/12/2019 0:00,VIC,2699077.635,Dec
FY20,5/01/2020 0:00,VIC,2459248.991,Jan
FY20,12/01/2020 0:00,VIC,2304847.776,Jan
FY20,19/01/2020 0:00,VIC,2259382.1,Jan
FY20,26/01/2020 0:00,VIC,2169872.786,Jan
FY20,2/02/2020 0:00,VIC,2056900.449,Feb
FY20,9/02/2020 0:00,VIC,2131372.683,Feb
FY20,16/02/2020 0:00,VIC,2186388.188,Feb
FY20,23/02/2020 0:00,VIC,2129710.108,Feb
FY20,1/03/2020 0:00,VIC,1974105.614,Mar
FY20,8/03/2020 0:00,VIC,2089247.921,Mar
FY20,15/03/2020 0:00,VIC,1872791.917,Mar
FY20,22/03/2020 0:00,VIC,1612683.337,Mar
FY20,29/03/2020 0:00,VIC,1235302.135,Mar
FY20,5/04/2020 0:00,VIC,1294007.234,Apr
FY20,12/04/2020 0:00,VIC,1456142.572,Apr
FY20,19/04/2020 0:00,VIC,1494888.587,Apr
FY20,26/04/2020 0:00,VIC,1838797.68,Apr
FY20,3/05/2020 0:00,VIC,1820176.2,May
FY20,10/05/2020 0:00,VIC,1992516.727,May
FY20,17/05/2020 0:00,VIC,2380274.943,May
FY20,24/05/2020 0:00,VIC,2474395.449,May
FY20,31/05/2020 0:00,VIC,2366523.296,May
FY20,7/06/2020 0:00,VIC,2414120.519,Jun
FY20,14/06/2020 0:00,VIC,2393014.989,Jun
FY20,21/06/2020 0:00,VIC,2410339.456,Jun
FY20,28/06/2020 0:00,VIC,2452462.003,Jun
FY20,5/07/2020 0:00,VIC,2052963.758,Jul
FY20,12/07/2020 0:00,VIC,1748782.737,Jul
FY20,19/07/2020 0:00,VIC,1474484.03,Jul
FY20,26/07/2020 0:00,VIC,1534077.68,Jul
FY20,2/08/2020 0:00,VIC,923406.3721,Aug
FY20,9/08/2020 0:00,VIC,101105.8779,Aug
FY20,16/08/2020 0:00,VIC,137552.9634,Aug
FY20,23/08/2020 0:00,VIC,77309.11116,Aug
FY18,1/04/2018 0:00,WA,770294.9738,Apr
FY18,8/04/2018 0:00,WA,919437.244,Apr
FY18,15/04/2018 0:00,WA,1129704.862,Apr
FY18,22/04/2018 0:00,WA,1027685.614,Apr
FY18,29/04/2018 0:00,WA,976021.2941,Apr
FY18,6/05/2018 0:00,WA,947474.3031,May
FY18,13/05/2018 0:00,WA,926734.7707,May
FY18,20/05/2018 0:00,WA,939314.2848,May
FY18,27/05/2018 0:00,WA,1037653.166,May
FY18,3/06/2018 0:00,WA,1042241.692,Jun
FY18,10/06/2018 0:00,WA,1007671.179,Jun
FY18,17/06/2018 0:00,WA,1064820.623,Jun
FY18,24/06/2018 0:00,WA,1134927.542,Jun
FY18,1/07/2018 0:00,WA,1202726.947,Jul
FY18,8/07/2018 0:00,WA,1265155.285,Jul
FY18,15/07/2018 0:00,WA,1193814.781,Jul
FY18,22/07/2018 0:00,WA,1112481.241,Jul
FY18,29/07/2018 0:00,WA,1125611.966,Jul
FY18,5/08/2018 0:00,WA,1075246.459,Aug
FY18,12/08/2018 0:00,WA,1016763.425,Aug
FY18,19/08/2018 0:00,WA,1028741.206,Aug
FY18,26/08/2018 0:00,WA,1031974.52,Aug
FY19,2/09/2018 0:00,WA,1012854.155,Sep
FY19,9/09/2018 0:00,WA,1014292.057,Sep
FY19,16/09/2018 0:00,WA,1020549.691,Sep
FY19,23/09/2018 0:00,WA,1229749.169,Sep
FY19,30/09/2018 0:00,WA,1178092.273,Sep
FY19,7/10/2018 0:00,WA,1037496.322,Oct
FY19,14/10/2018 0:00,WA,1231892.205,Oct
FY19,21/10/2018 0:00,WA,1062318.023,Oct
FY19,28/10/2018 0:00,WA,1007305.492,Oct
FY19,4/11/2018 0:00,WA,1062245.747,Nov
FY19,11/11/2018 0:00,WA,1117332.776,Nov
FY19,18/11/2018 0:00,WA,1242202.556,Nov
FY19,25/11/2018 0:00,WA,1175279.438,Nov
FY19,2/12/2018 0:00,WA,1062804.267,Dec
FY19,9/12/2018 0:00,WA,1028223.629,Dec
FY19,16/12/2018 0:00,WA,1113662.653,Dec
FY19,23/12/2018 0:00,WA,1093936.479,Dec
FY19,30/12/2018 0:00,WA,1314052.538,Dec
FY19,6/01/2019 0:00,WA,1099475.609,Jan
FY19,13/01/2019 0:00,WA,1165249.311,Jan
FY19,20/01/2019 0:00,WA,1143605.145,Jan
FY19,27/01/2019 0:00,WA,1135066.174,Jan
FY19,3/02/2019 0:00,WA,988897.9696,Feb
FY19,10/02/2019 0:00,WA,983359.7467,Feb
FY19,17/02/2019 0:00,WA,1006985.418,Feb
FY19,24/02/2019 0:00,WA,1004537.895,Feb
FY19,3/03/2019 0:00,WA,1031682.322,Mar
FY19,10/03/2019 0:00,WA,933298.0516,Mar
FY19,17/03/2019 0:00,WA,918947.4262,Mar
FY19,24/03/2019 0:00,WA,963878.389,Mar
FY19,31/03/2019 0:00,WA,999712.7315,Mar
FY19,7/04/2019 0:00,WA,1033663.18,Apr
FY19,14/04/2019 0:00,WA,1122749.258,Apr
FY19,21/04/2019 0:00,WA,1163351.559,Apr
FY19,28/04/2019 0:00,WA,966267.9038,Apr
FY19,5/05/2019 0:00,WA,937348.7476,May
FY19,12/05/2019 0:00,WA,912838.2354,May
FY19,19/05/2019 0:00,WA,919850.7363,May
FY19,26/05/2019 0:00,WA,965972.2003,May
FY19,2/06/2019 0:00,WA,962986.4003,Jun
FY19,9/06/2019 0:00,WA,950394.8417,Jun
FY19,16/06/2019 0:00,WA,971775.7985,Jun
FY19,23/06/2019 0:00,WA,1071445.145,Jun
FY19,30/06/2019 0:00,WA,1054347.983,Jun
FY19,7/07/2019 0:00,WA,1224086.549,Jul
FY19,14/07/2019 0:00,WA,1254587.652,Jul
FY19,21/07/2019 0:00,WA,1086151.768,Jul
FY19,28/07/2019 0:00,WA,1074235.609,Jul
FY19,4/08/2019 0:00,WA,1044329.952,Aug
FY19,11/08/2019 0:00,WA,1008600.558,Aug
FY19,18/08/2019 0:00,WA,1026179.868,Aug
FY19,25/08/2019 0:00,WA,1024166.182,Aug
FY20,1/09/2019 0:00,WA,990612.4936,Sep
FY20,8/09/2019 0:00,WA,968021.049,Sep
FY20,15/09/2019 0:00,WA,962613.9684,Sep
FY20,22/09/2019 0:00,WA,1024338.94,Sep
FY20,29/09/2019 0:00,WA,1198266.047,Sep
FY20,6/10/2019 0:00,WA,1134747.252,Oct
FY20,13/10/2019 0:00,WA,1017575.811,Oct
FY20,20/10/2019 0:00,WA,1018053.611,Oct
FY20,27/10/2019 0:00,WA,1002744.029,Oct
FY20,3/11/2019 0:00,WA,1075291.176,Nov
FY20,10/11/2019 0:00,WA,1102402.46,Nov
FY20,17/11/2019 0:00,WA,1098636.6,Nov
FY20,24/11/2019 0:00,WA,1097397.594,Nov
FY20,1/12/2019 0:00,WA,1020380.037,Dec
FY20,8/12/2019 0:00,WA,1053366.402,Dec
FY20,15/12/2019 0:00,WA,1043146.891,Dec
FY20,22/12/2019 0:00,WA,1033827.501,Dec
FY20,29/12/2019 0:00,WA,1412568.352,Dec
FY20,5/01/2020 0:00,WA,1152209.455,Jan
FY20,12/01/2020 0:00,WA,1120015.964,Jan
FY20,19/01/2020 0:00,WA,1188675.19,Jan
FY20,26/01/2020 0:00,WA,1028121.74,Jan
FY20,2/02/2020 0:00,WA,1042965.416,Feb
FY20,9/02/2020 0:00,WA,1024707.311,Feb
FY20,16/02/2020 0:00,WA,1023792.989,Feb
FY20,23/02/2020 0:00,WA,1003042.477,Feb
FY20,1/03/2020 0:00,WA,1019547.988,Mar
FY20,8/03/2020 0:00,WA,924003.8584,Mar
FY20,15/03/2020 0:00,WA,978775.9533,Mar
FY20,22/03/2020 0:00,WA,901311.0199,Mar
FY20,29/03/2020 0:00,WA,663962.0612,Mar
FY20,5/04/2020 0:00,WA,686500.5758,Apr
FY20,12/04/2020 0:00,WA,866084.044,Apr
FY20,19/04/2020 0:00,WA,782932.9482,Apr
FY20,26/04/2020 0:00,WA,1161703.652,Apr
FY20,3/05/2020 0:00,WA,1096142.997,May
FY20,10/05/2020 0:00,WA,1108498.679,May
FY20,17/05/2020 0:00,WA,1229172.474,May
FY20,24/05/2020 0:00,WA,1145625.472,May
FY20,31/05/2020 0:00,WA,1167187.237,May
FY20,7/06/2020 0:00,WA,1109709.716,Jun
FY20,14/06/2020 0:00,WA,1186871.637,Jun
FY20,21/06/2020 0:00,WA,1259688.225,Jun
FY20,28/06/2020 0:00,WA,1316347.088,Jun
FY20,5/07/2020 0:00,WA,1449490.28,Jul
FY20,12/07/2020 0:00,WA,1495237.555,Jul
FY20,19/07/2020 0:00,WA,1418697.254,Jul
FY20,26/07/2020 0:00,WA,1364894.743,Jul
FY20,2/08/2020 0:00,WA,1351591.411,Aug
FY20,9/08/2020 0:00,WA,1385729.188,Aug
FY20,16/08/2020 0:00,WA,1362193.248,Aug
FY20,23/08/2020 0:00,WA,1271019.579,Aug
